{
  "feature_cols": [
    "l5_pts",
    "l5_reb",
    "l5_ast",
    "l5_min",
    "l5_ts",
    "l10_pts_std",
    "l10_min_std",
    "std_pts",
    "std_reb",
    "std_ast",
    "std_min",
    "gp_prior",
    "is_home",
    "rest_days",
    "opp_def_roll10",
    "opp_pace_roll10",
    "ewma_pts",
    "ewma_reb",
    "ewma_ast",
    "ewma_min",
    "inactive_usg_pool",
    "fg3_vs_avg",
    "rim_vs_avg",
    "xPPS_base",
    "efficiency_delta",
    "l5_potential_ast",
    "inactive_potential_ast_pool",
    "inactive_drives_pool"
  ],
  "medians": {
    "l5_pts": 9.4,
    "l5_reb": 3.6,
    "l5_ast": 1.8,
    "l5_min": 24.2,
    "l5_ts": 0.5703488372093024,
    "l10_pts_std": 5.125101625008675,
    "l10_min_std": 5.344779384283945,
    "std_pts": 9.090909090909092,
    "std_reb": 3.628099173553719,
    "std_ast": 1.6829268292682926,
    "std_min": 23.4375,
    "gp_prior": 33.0,
    "is_home": 1.0,
    "rest_days": 2.0,
    "opp_def_roll10": 114.2,
    "opp_pace_roll10": 88.5,
    "ewma_pts": 9.283256051818356,
    "ewma_reb": 3.6036715949125457,
    "ewma_ast": 1.7861474358050209,
    "ewma_min": 24.017256708375857,
    "inactive_usg_pool": 0.0,
    "fg3_vs_avg": 0.020714118301935314,
    "rim_vs_avg": 0.005230111594674569,
    "xPPS_base": 0.9428571428571428,
    "efficiency_delta": -0.3489486261718172,
    "l5_potential_ast": 5.994000000000001,
    "inactive_potential_ast_pool": 0.0,
    "inactive_drives_pool": 4.400000095367432
  },
  "validation_results": {
    "pts": {
      "rmse": 5.998470747294876,
      "mae": 4.603148460388184,
      "within_3": 0.4204792168318004,
      "best_iteration": 271,
      "model_file": "xgb_pts_model.json",
      "q25_mae": 5.328197956085205,
      "q25_file": "xgb_pts_q25.json",
      "q50_mae": 4.553760051727295,
      "q50_file": "xgb_pts_q50.json",
      "q75_mae": 5.580873012542725,
      "q75_file": "xgb_pts_q75.json"
    },
    "reb": {
      "rmse": 2.5102602222706722,
      "mae": 1.9034905433654785,
      "within_3": 0.807365886393242,
      "best_iteration": 343,
      "model_file": "xgb_reb_model.json",
      "q25_mae": 2.2272675037384033,
      "q25_file": "xgb_reb_q25.json",
      "q50_mae": 1.8857111930847168,
      "q50_file": "xgb_reb_q50.json",
      "q75_mae": 2.277346611022949,
      "q75_file": "xgb_reb_q75.json"
    },
    "ast": {
      "rmse": 1.809769052872354,
      "mae": 1.3393371105194092,
      "within_3": 0.9090909090909091,
      "best_iteration": 312,
      "model_file": "xgb_ast_model.json",
      "q25_mae": 1.524953842163086,
      "q25_file": "xgb_ast_q25.json",
      "q50_mae": 1.310399055480957,
      "q50_file": "xgb_ast_q50.json",
      "q75_mae": 1.6436718702316284,
      "q75_file": "xgb_ast_q75.json"
    }
  },
  "train_seasons": [
    "2022-23",
    "2023-24"
  ],
  "val_seasons": [
    "2024-25"
  ],
  "quantiles": [
    0.25,
    0.5,
    0.75
  ],
  "quantile_mode": "residual"
}